﻿<?xml version="1.0" encoding="utf-8" ?>
<ThingDefs>


  <ThingDef Name="BaseHumanGun" Abstract="True">
    <category>Item</category>
    <thingClass>ThingWithComps</thingClass>
    <equipmentType>Primary</equipmentType>
    <pathCost>10</pathCost>
    <useHitPoints>True</useHitPoints>
    <selectable>True</selectable>
    <graphicData>
      <onGroundRandomRotateAngle>35</onGroundRandomRotateAngle>
    </graphicData>
    <drawGUIOverlay>true</drawGUIOverlay>
    <statBases>
      <MaxHitPoints>100</MaxHitPoints>
      <Flammability>1.0</Flammability>
      <DeteriorationRate>1</DeteriorationRate>
      <SellPriceFactor>0.5</SellPriceFactor>
    </statBases>
	<weaponTags>

      <li>PirateGun</li>


	</weaponTags>
    <altitudeLayer>Item</altitudeLayer>
    <alwaysHaulable>True</alwaysHaulable>
    <tickerType>Never</tickerType>
    <techLevel>Medieval</techLevel>
    <thingCategories>
      <li>WeaponsRanged</li>
    </thingCategories>
    <inspectorTabs>
      <li>ITab_Art</li>
    </inspectorTabs>
    <comps>
      <li>
        <compClass>CompForbiddable</compClass>
      </li>
      <li>
        <compClass>CompEquippable</compClass>
      </li>
      <li>
        <compClass>CompQuality</compClass>
      </li>
      <li>
        <compClass>CompArt</compClass>
        <nameMaker>NamerGun</nameMaker>
        <descriptionMaker>ArtWeaponGun</descriptionMaker>
        <minQualityForArtistic>Excellent</minQualityForArtistic>
      </li>
    </comps>
    <smeltProducts>
      <Steel>20</Steel>
    </smeltProducts>
  </ThingDef>

  <ThingDef Name="BaseBullet" Abstract="True">
    <category>Projectile</category>
    <tickerType>Normal</tickerType>
    <altitudeLayer>Projectile</altitudeLayer>
    <thingClass>Bullet</thingClass>
    <label>bullet</label>
    <useHitPoints>False</useHitPoints>
    <neverMultiSelect>True</neverMultiSelect>
    <graphicData>
      <shaderType>Transparent</shaderType>
    </graphicData>
  </ThingDef>

  <!-- ============================================================== -->

  <ThingDef ParentName="BaseBullet">
    <defName>Blunderbuss_Buletto</defName>
    <label>Blunderbuss shrapnel</label>
    <graphicData>
      <texPath>Things/Projectile/Bullet_Small</texPath>
      <graphicClass>Graphic_Single</graphicClass>
    </graphicData>
    <projectile>
      <flyOverhead>false</flyOverhead>
      <damageDef>Bullet</damageDef>
      <DamageAmountBase>13</DamageAmountBase>
      <Speed>55</Speed>
    </projectile>
  </ThingDef>


  <ThingDef ParentName="BaseHumanGun">
    <defName>Gunnar_Bluth</defName>
    <label>blunderbuss</label>
    <description>Blackpowder powered tube.</description>
    <graphicData>
      <texPath>PirateClashers/Blunderbuss</texPath>
      <graphicClass>Graphic_Single</graphicClass>
    </graphicData>
    <soundInteract>InteractShotgun</soundInteract>
    <statBases>
      <MarketValue>200</MarketValue>
      <AccuracyTouch>0.91</AccuracyTouch>
      <AccuracyShort>0.71</AccuracyShort>
      <AccuracyMedium>0.50</AccuracyMedium>
      <AccuracyLong>0.32</AccuracyLong>
      <RangedWeapon_Cooldown>0.80</RangedWeapon_Cooldown>
    </statBases>
    <verbs>
      <li>
        <verbClass>Verb_Shoot</verbClass>
        <hasStandardCommand>true</hasStandardCommand>
        <projectileDef>Blunderbuss_Buletto</projectileDef>
        <warmupTicks>80</warmupTicks>
        <range>24</range>
        <soundCast>ShotShotgun</soundCast>
        <soundCastTail>GunTail_Heavy</soundCastTail>
        <muzzleFlashScale>9</muzzleFlashScale>
      </li>
    </verbs>
  </ThingDef>

  <!-- =============================Esquebus================================= -->


  <ThingDef ParentName="BaseBullet">
    <defName>Bullet_Esquebus</defName>
    <label>Esquebus blast</label>
    <graphicData>
      <texPath>Things/Projectile/Bullet_Shotgun</texPath>
      <graphicClass>Graphic_Single</graphicClass>
    </graphicData>
    <projectile>
      <damageDef>Bullet</damageDef>
      <damageAmountBase>30</damageAmountBase>
      <speed>55</speed>
    </projectile>
  </ThingDef>

  <ThingDef ParentName="BaseHumanGun">
    <defName>Gunnar_Esqubus</defName>
    <label>esquebus</label>
    <description>Ancient design. Deadly, but short range.</description>
    <graphicData>
      <texPath>PirateClashers/Esqubus</texPath>
      <graphicClass>Graphic_Single</graphicClass>
    </graphicData>
    <soundInteract>InteractShotgun</soundInteract>
    <statBases>
      <MarketValue>200</MarketValue>
      <AccuracyTouch>0.80</AccuracyTouch>
      <AccuracyShort>0.87</AccuracyShort>
      <AccuracyMedium>0.77</AccuracyMedium>
      <AccuracyLong>0.64</AccuracyLong>
      <RangedWeapon_Cooldown>0.70</RangedWeapon_Cooldown>
    </statBases>
    <verbs>
      <li>
        <verbClass>Verb_Shoot</verbClass>
        <hasStandardCommand>true</hasStandardCommand>
        <projectileDef>Bullet_Esquebus</projectileDef>
        <warmupTicks>120</warmupTicks>
        <range>14</range>
        <soundCast>ShotShotgun</soundCast>
        <soundCastTail>GunTail_Heavy</soundCastTail>
        <muzzleFlashScale>9</muzzleFlashScale>
      </li>
    </verbs>
  </ThingDef>



  <!-- =====================Arquebus========================= -->

  <ThingDef ParentName="BaseBullet">
    <defName>Bulletto_Arquebus</defName>
    <label>arquebus slug</label>
    <projectile>
      <damageDef>Bullet</damageDef>
      <damageAmountBase>18</damageAmountBase>
      <speed>70</speed>
    </projectile>
    <graphicData>
      <texPath>Things/Projectile/Bullet_big</texPath>
      <graphicClass>Graphic_Single</graphicClass>
    </graphicData>
  </ThingDef>

  <ThingDef ParentName="BaseHumanGun">
    <defName>Gunnar_arquebus</defName>
    <label>arquebus</label>
    <description>Ancient matchlock-action rifle. Good range, Good power, low rate of fire.</description>
    <graphicData>
      <texPath>PirateClashers/Arquebus</texPath>
      <graphicClass>Graphic_Single</graphicClass>
    </graphicData>
    <soundInteract>InteractRifle</soundInteract>
    <statBases>
      <MarketValue>400</MarketValue>
      <AccuracyTouch>0.75</AccuracyTouch>
      <AccuracyShort>0.96</AccuracyShort>
      <AccuracyMedium>0.96</AccuracyMedium>
      <AccuracyLong>0.90</AccuracyLong>
      <RangedWeapon_Cooldown>0.66</RangedWeapon_Cooldown>
    </statBases>
    <verbs>
      <li>
        <verbClass>Verb_Shoot</verbClass>
        <hasStandardCommand>true</hasStandardCommand>
        <projectileDef>Bulletto_Arquebus</projectileDef>
        <warmupTicks>150</warmupTicks>
        <range>37</range>
        <soundCast>ShotSurvivalRifle</soundCast>
        <soundCastTail>GunTail_Heavy</soundCastTail>
        <muzzleFlashScale>9</muzzleFlashScale>
      </li>
    </verbs>
  </ThingDef>

  <!-- ============================================== -->

  <ThingDef ParentName="BaseBullet">
    <defName>Bulletto_handycan</defName>
    <label>handcannon slug</label>
    <graphicData>
      <texPath>Things/Projectile/Bullet_Small</texPath>
      <graphicClass>Graphic_Single</graphicClass>
    </graphicData>
    <projectile>
      <damageDef>Bullet</damageDef>
      <damageAmountBase>4</damageAmountBase>
      <speed>70</speed>
    </projectile>
  </ThingDef>

  <ThingDef ParentName="BaseHumanGun">
    <defName>Gunnar_Handy</defName>
    <label>handcannon</label>
    <description>Handcannon. It fires a five-round burst. Mighty good range, low power.</description>
    <graphicData>
      <texPath>PirateClashers/Handcannon</texPath>
      <graphicClass>Graphic_Single</graphicClass>
    </graphicData>
    <soundInteract>InteractRifle</soundInteract>
    <statBases>
      <MarketValue>300</MarketValue>
      <AccuracyTouch>0.70</AccuracyTouch>
      <AccuracyShort>0.87</AccuracyShort>
      <AccuracyMedium>0.77</AccuracyMedium>
      <AccuracyLong>0.64</AccuracyLong>
      <RangedWeapon_Cooldown>0.66</RangedWeapon_Cooldown>
    </statBases>
    <verbs>
      <li>
        <verbClass>Verb_Shoot</verbClass>
        <hasStandardCommand>true</hasStandardCommand>
        <projectileDef>Bulletto_handycan</projectileDef>
        <warmupTicks>120</warmupTicks>
        <range>32</range>
        <burstShotCount>5</burstShotCount>
        <ticksBetweenBurstShots>1</ticksBetweenBurstShots>
        <soundCast>ShotAssaultRifle</soundCast>
        <soundCastTail>GunTail_Medium</soundCastTail>
        <muzzleFlashScale>9</muzzleFlashScale>
      </li>
    </verbs>
  </ThingDef>

</ThingDefs>