﻿<?xml version="1.0" encoding="utf-8" ?>
<PawnKindDefs>


	<PawnKindDef>
		<defName>PirateDeckswab</defName>
		<label>Raider</label>
		<race>Human</race>
    <combatPower>30</combatPower>
    <defaultFactionType>PirateCrew</defaultFactionType>
		<baseRecruitDifficulty>65</baseRecruitDifficulty>
		<backstoryCategory>Raider</backstoryCategory>
    <isFighter>true</isFighter>
    <invFoodCount>1</invFoodCount>
    <backstoryCryptosleepCommonality>0.01</backstoryCryptosleepCommonality>
    <maxGenerationAge>40</maxGenerationAge>
    <gearHealthRange>
      <min>0.5</min>
      <max>1.8</max>
    </gearHealthRange>
    <apparelMoney>
      <min>500</min>
      <max>1000</max>
    </apparelMoney>
    <apparelAllowHeadwearChance>0.5</apparelAllowHeadwearChance>
    <apparelTags>
        <li>Pirate</li>
    </apparelTags>
		<weaponMoney>
			<min>200</min>
			<max>600</max>
		</weaponMoney>
		<weaponTags>
			<li>PirateMelee</li>
		</weaponTags>
    <inventoryOptions>
      <skipChance>0.7</skipChance>
      <subOptionsChooseOne>
        <li>
          <thingDef>Silver</thingDef>
          <countRange>
            <min>1</min>
            <max>15</max>
          </countRange>
        </li>
        <li>
          <thingDef>SeaShantyNote</thingDef>
          <countRange>
            <min>1</min>
            <max>1</max>
          </countRange>
        </li>
      </subOptionsChooseOne>
    </inventoryOptions>
	</PawnKindDef>




	<PawnKindDef>
		<defName>PirateGunner</defName>
		<label>Gunner</label>
		<race>Human</race>
    <combatPower>50</combatPower>
    <defaultFactionType>PirateCrew</defaultFactionType>
		<baseRecruitDifficulty>70</baseRecruitDifficulty>
		<backstoryCategory>Raider</backstoryCategory>
    <isFighter>true</isFighter>
    <invFoodCount>1</invFoodCount>
    <backstoryCryptosleepCommonality>0.01</backstoryCryptosleepCommonality>
    <maxGenerationAge>40</maxGenerationAge>
    <gearHealthRange>
      <min>0.5</min>
      <max>1.8</max>
    </gearHealthRange>
    <apparelMoney>
      <min>500</min>
      <max>1000</max>
    </apparelMoney>
    <apparelAllowHeadwearChance>0.5</apparelAllowHeadwearChance>
    <apparelTags>
        <li>Pirate</li>
    </apparelTags>
		<weaponMoney>
			<min>600</min>
			<max>1800</max>
		</weaponMoney>
		<weaponTags>
			<li>PirateGun</li>
		</weaponTags>
    <inventoryOptions>
      <skipChance>0.7</skipChance>
      <subOptionsChooseOne>
        <li>
          <thingDef>Silver</thingDef>
          <countRange>
            <min>1</min>
            <max>15</max>
          </countRange>
        </li>
        <li>
          <thingDef>SeaShantyNote</thingDef>
          <countRange>
            <min>1</min>
            <max>1</max>
          </countRange>
        </li>
      </subOptionsChooseOne>
    </inventoryOptions>
	</PawnKindDef>




	<PawnKindDef>
		<defName>PirateVoodoo</defName>
		<label>Witchdoctor</label>
		<race>Human</race>
    <combatPower>60</combatPower>
    <defaultFactionType>PirateCrew</defaultFactionType>
		<baseRecruitDifficulty>75</baseRecruitDifficulty>
		<backstoryCategory>Tribal</backstoryCategory>
    <isFighter>true</isFighter>
    <invFoodCount>1</invFoodCount>
    <backstoryCryptosleepCommonality>0.01</backstoryCryptosleepCommonality>
    <maxGenerationAge>40</maxGenerationAge>
    <gearHealthRange>
      <min>0.5</min>
      <max>1.8</max>
    </gearHealthRange>
    <apparelMoney>
      <min>1500</min>
      <max>3000</max>
    </apparelMoney>
    <apparelAllowHeadwearChance>0.8</apparelAllowHeadwearChance>
    <apparelTags>
        <li>Pirate</li>
        <li>Voodoo</li>
    </apparelTags>
		<weaponMoney>
			<min>1000</min>
			<max>3000</max>
		</weaponMoney>
		<weaponTags>
      <li>VoodooMelee</li>

		</weaponTags>
    <inventoryOptions>
      <skipChance>0.7</skipChance>
      <subOptionsChooseOne>
        <li>
          <thingDef>Silver</thingDef>
          <countRange>
            <min>1</min>
            <max>15</max>
          </countRange>
        </li>
        <li>
          <thingDef>SeaShantyNote</thingDef>
          <countRange>
            <min>1</min>
            <max>1</max>
          </countRange>
        </li>
      </subOptionsChooseOne>
    </inventoryOptions>
	</PawnKindDef>




	<PawnKindDef>
		<defName>PirateDuelist</defName>
		<label>Duelist</label>
		<race>Human</race>
    <combatPower>70</combatPower>
    <defaultFactionType>PirateCrew</defaultFactionType>
		<baseRecruitDifficulty>80</baseRecruitDifficulty>
		<backstoryCategory>Raider</backstoryCategory>
    <isFighter>true</isFighter>
    <invFoodCount>1</invFoodCount>
    <backstoryCryptosleepCommonality>0.01</backstoryCryptosleepCommonality>
    <maxGenerationAge>40</maxGenerationAge>
    <gearHealthRange>
      <min>0.5</min>
      <max>1.8</max>
    </gearHealthRange>
    <apparelMoney>
      <min>1500</min>
      <max>3000</max>
    </apparelMoney>
    <apparelAllowHeadwearChance>0.8</apparelAllowHeadwearChance>
    <apparelTags>
        <li>PirateMate</li>
    </apparelTags>
		<weaponMoney>
			<min>1000</min>
			<max>3000</max>
		</weaponMoney>
		<weaponTags>
			<li>PirateMelee</li>
		</weaponTags>
    <inventoryOptions>
      <skipChance>0.7</skipChance>
      <subOptionsChooseOne>
        <li>
          <thingDef>Silver</thingDef>
          <countRange>
            <min>1</min>
            <max>15</max>
          </countRange>
        </li>
        <li>
          <thingDef>SeaShantyNote</thingDef>
          <countRange>
            <min>1</min>
            <max>1</max>
          </countRange>
        </li>
      </subOptionsChooseOne>
    </inventoryOptions>
	</PawnKindDef>




	<PawnKindDef>
		<defName>PirateSwashbuckler</defName>
		<label>Swashbuckler</label>
		<race>Human</race>
    <combatPower>80</combatPower>
    <defaultFactionType>PirateCrew</defaultFactionType>
		<baseRecruitDifficulty>80</baseRecruitDifficulty>
		<backstoryCategory>Raider</backstoryCategory>
    <isFighter>true</isFighter>
    <invFoodCount>1</invFoodCount>
    <backstoryCryptosleepCommonality>0.01</backstoryCryptosleepCommonality>
    <maxGenerationAge>40</maxGenerationAge>
    <gearHealthRange>
      <min>0.5</min>
      <max>1.8</max>
    </gearHealthRange>
    <apparelMoney>
      <min>1500</min>
      <max>3000</max>
    </apparelMoney>
    <apparelAllowHeadwearChance>0.8</apparelAllowHeadwearChance>
    <apparelTags>
        <li>PirateMate</li>
    </apparelTags>
		<weaponMoney>
			<min>1000</min>
			<max>3000</max>
		</weaponMoney>
		<weaponTags>
			<li>PirateGun</li>
		</weaponTags>
    <inventoryOptions>
      <skipChance>0.7</skipChance>
      <subOptionsChooseOne>
        <li>
          <thingDef>Silver</thingDef>
          <countRange>
            <min>1</min>
            <max>15</max>
          </countRange>
        </li>
        <li>
          <thingDef>SeaShantyNote</thingDef>
          <countRange>
            <min>1</min>
            <max>1</max>
          </countRange>
        </li>
      </subOptionsChooseOne>
    </inventoryOptions>
	</PawnKindDef>




  <PawnKindDef>
    <defName>PirateYarhar</defName>
    <label>Captain</label>
    <race>Human</race>
    <combatPower>80</combatPower>
    <defaultFactionType>PirateCrew</defaultFactionType>
    <baseRecruitDifficulty>90</baseRecruitDifficulty>
    <backstoryCategory>Raider</backstoryCategory>
    <invFoodCount>1</invFoodCount>
    <backstoryCryptosleepCommonality>0.2</backstoryCryptosleepCommonality>
    <maxGenerationAge>50</maxGenerationAge>
    <factionLeader>true</factionLeader>
    <gearHealthRange>
      <min>0.4</min>
      <max>1.5</max>
    </gearHealthRange>
    <apparelMoney>
      <min>2000</min>
      <max>5000</max>
    </apparelMoney>
    <apparelTags>
      <li>PirateKing</li>
    </apparelTags>
    <apparelAllowHeadwearChance>0.7</apparelAllowHeadwearChance>
    <weaponMoney>
      <min>2450</min>
      <max>5000</max>
    </weaponMoney>
    <weaponTags>
      <li>PirateGun</li>
    </weaponTags>
    <techHediffsMoney>
      <min>0</min>
      <max>35</max>
    </techHediffsMoney>
    <techHediffsTags>
      <li>Poor</li>
    </techHediffsTags>
    <techHediffsChance>0.1</techHediffsChance>
    <inventoryOptions>
      <skipChance>0.8</skipChance>
      <subOptionsChooseOne>
        <li>
          <thingDef>Silver</thingDef>
          <countRange>
            <min>40</min>
            <max>80</max>
          </countRange>
        </li>
        <li>
          <thingDef>SeaShantyNote</thingDef>
          <countRange>
            <min>1</min>
            <max>1</max>
          </countRange>
        </li>
      </subOptionsChooseOne>
    </inventoryOptions>
  </PawnKindDef>

</PawnKindDefs>